{
    "smartphones": [
        {
            "name": "JioPhone Next",
            "price": "6,499",
            "original_price": "7,999",
            "ram": "3GB RAM",
            "storage": "32GB Storage",
            "battery": "3500mAh",
            "camera": "13MP Camera",
            "features": [
                "4G VoLTE support",
                "Android with Google services",
                "Hindi and regional language support",
                "Voice assistant integration",
                "Affordable data plans included"
            ],
            "ideal_for": "First-time smartphone users"
        },
        {
            "name": "Redmi 9A",
            "price": "7,499",
            "original_price": "8,999",
            "ram": "2GB RAM",
            "storage": "32GB Storage",
            "battery": "5000mAh",
            "camera": "13MP Camera",
            "features": [
                "Long-lasting battery life",
                "Durable build quality",
                "Expandable storage up to 512GB",
                "Face unlock feature",
                "Multiple language support"
            ],
            "ideal_for": "Budget-conscious users"
        },
        {
            "name": "Samsung Galaxy M12",
            "price": "9,999",
            "original_price": "12,999",
            "ram": "4GB RAM",
            "storage": "64GB Storage",
            "battery": "6000mAh",
            "camera": "48MP Quad Camera",
            "features": [
                "6000mAh massive battery",
                "90Hz smooth display",
                "Knox security platform",
                "One UI Core interface",
                "Dual SIM support"
            ],
            "ideal_for": "Users needing long battery life"
        },
        {
            "name": "Realme C25s",
            "price": "8,999",
            "original_price": "10,999",
            "ram": "4GB RAM",
            "storage": "64GB Storage",
            "battery": "6000mAh",
            "camera": "48MP Triple Camera",
            "features": [
                "18W fast charging",
                "Water-resistant design",
                "Fingerprint unlock",
                "AI-enhanced photography",
                "Gaming-optimized processor"
            ],
            "ideal_for": "Young users and students"
        },
        {
            "name": "Nokia C30",
            "price": "7,999",
            "original_price": "9,499",
            "ram": "3GB RAM",
            "storage": "32GB Storage",
            "battery": "6000mAh",
            "camera": "13MP Dual Camera",
            "features": [
                "3 years Android security updates",
                "Robust build quality",
                "Clean Android experience",
                "2-day battery life",
                "Affordable maintenance"
            ],
            "ideal_for": "Users wanting reliability"
        },
        {
            "name": "Infinix Hot 11s",
            "price": "9,499",
            "original_price": "11,999",
            "ram": "4GB RAM",
            "storage": "64GB Storage",
            "battery": "5000mAh",
            "camera": "50MP Triple Camera",
            "features": [
                "90Hz display refresh rate",
                "18W fast charging",
                "MediaTek Helio G88 processor",
                "DTS audio enhancement",
                "Stylish design options"
            ],
            "ideal_for": "Entertainment enthusiasts"
        }
    ],
    "tablets": [
        {
            "name": "JioTab",
            "price": "4,999",
            "original_price": "6,999",
            "screen_size": "10.1 inch",
            "ram": "2GB RAM",
            "storage": "32GB Storage",
            "battery": "6000mAh",
            "use_cases": [
                "Online education and e-learning",
                "Video streaming and entertainment",
                "Reading digital books and newspapers",
                "Basic productivity tasks",
                "Video calling with family"
            ],
            "ideal_for": "Students and families"
        },
        {
            "name": "Samsung Galaxy Tab A7 Lite",
            "price": "11,999",
            "original_price": "14,999",
            "screen_size": "8.7 inch",
            "ram": "3GB RAM",
            "storage": "32GB Storage",
            "battery": "5100mAh",
            "use_cases": [
                "Professional document editing",
                "High-quality video streaming",
                "Digital art and creativity",
                "Gaming and entertainment",
                "Multi-tasking capabilities"
            ],
            "ideal_for": "Working professionals"
        },
        {
            "name": "iBall Slide Elan 4G2+",
            "price": "7,999",
            "original_price": "9,999",
            "screen_size": "10.1 inch",
            "ram": "3GB RAM",
            "storage": "32GB Storage",
            "battery": "5000mAh",
            "use_cases": [
                "Educational content access",
                "Government service portals",
                "Agriculture and farming apps",
                "Local language content consumption",
                "Community video conferencing"
            ],
            "ideal_for": "Rural community centers"
        },
        {
            "name": "Lenovo Tab M8 (4th Gen)",
            "price": "8,999",
            "original_price": "10,999",
            "screen_size": "8.0 inch",
            "ram": "3GB RAM",
            "storage": "32GB Storage",
            "battery": "5100mAh",
            "use_cases": [
                "Portable entertainment device",
                "Kids' educational content",
                "E-book reading experience",
                "Light productivity work",
                "Social media and communication"
            ],
            "ideal_for": "Children and elderly users"
        }
    ],
    "data_plans": [
        {
            "operator": "Jio",
            "plan_name": "Rural Connect",
            "price": "155",
            "validity": "28 Days",
            "data": "2GB",
            "calls": "Unlimited",
            "sms": "300 SMS",
            "special_features": [
                "Free access to JioTV",
                "JioSaavn music streaming",
                "Complimentary JioCloud storage",
                "No daily data limit"
            ],
            "ideal_for": "Light internet users"
        },
        {
            "operator": "Airtel",
            "plan_name": "Smart Rural",
            "price": "179",
            "validity": "28 Days",
            "data": "2GB",
            "calls": "Unlimited",
            "sms": "300 SMS",
            "special_features": [
                "Airtel Xstream app access",
                "Wynk Music premium",
                "Shaw Academy courses",
                "Apollo 24/7 Circle membership"
            ],
            "ideal_for": "Health-conscious users"
        },
        {
            "operator": "Vi (Vodafone Idea)",
            "plan_name": "Village Connect",
            "price": "149",
            "validity": "28 Days",
            "data": "1.5GB",
            "calls": "Unlimited",
            "sms": "300 SMS",
            "special_features": [
                "Vi Movies & TV access",
                "Local language content",
                "Weekend data rollover",
                "Vi App loyalty rewards"
            ],
            "ideal_for": "Entertainment seekers"
        },
        {
            "operator": "BSNL",
            "plan_name": "Grameen",
            "price": "107",
            "validity": "28 Days",
            "data": "2GB",
            "calls": "Unlimited",
            "sms": "300 SMS",
            "special_features": [
                "Government priority network",
                "Extended rural coverage",
                "Special farmer helpline access",
                "Disaster communication priority"
            ],
            "ideal_for": "Remote area residents"
        },
        {
            "operator": "Jio",
            "plan_name": "Student Special",
            "price": "239",
            "validity": "28 Days",
            "data": "1.5GB/day",
            "calls": "Unlimited",
            "sms": "300 SMS",
            "special_features": [
                "Educational app subscriptions",
                "Free video calling",
                "Study material access",
                "JioMeet premium features"
            ],
            "ideal_for": "Students and educators"
        },
        {
            "operator": "Airtel",
            "plan_name": "Senior Citizen",
            "price": "199",
            "validity": "45 Days",
            "data": "3GB",
            "calls": "Unlimited",
            "sms": "300 SMS",
            "special_features": [
                "24/7 customer care priority",
                "Health and wellness apps",
                "Large font interface support",
                "Emergency contact features"
            ],
            "ideal_for": "Senior citizens"
        }
    ]
}
